"Transcrito","baseMean","log2FoldChange","lfcSE","stat","pvalue","padj","Gen"
"NM_000164.4",4.11307712886354,5.82884366139857,4.33995904005798,1.34306421042183,0.179251183129372,0.617978269971431,"GIPR"
"NM_000230.3",25.9815834926244,-7.84372078554015,3.61754864886749,-2.16824196351739,0.030140281557293,0.617978269971431,"LEP"
"NM_000439.5",22.7691696927499,-7.65452767774063,3.56077297150357,-2.14968147056801,0.031580419115781,0.617978269971431,"PCSK1"
"NM_000922.4",1.5651545514376,4.43493332259081,4.35931908624359,1.0173454236433,0.308989134985715,0.617978269971431,"PDE3B"
"NM_000939.4",16.372046857169,7.8264266377981,3.83820895671819,2.03908300096563,0.0414417444649108,0.617978269971431,"POMC"
"NM_001003679.3",0,NA,NA,NA,NA,NA,"LEPR"
"NM_001003680.3",9.01140976855959,6.96019827202192,4.33345856595172,1.60615318367381,0.108240256851126,0.617978269971431,"LEPR"
"NM_001007097.3",1.04052880115655,-3.19929414416649,4.45204937093774,-0.718611560116779,0.472380288657113,0.721191280392538,"NTRK2"
"NM_001018064.3",0,NA,NA,NA,NA,NA,"NTRK2"
"NM_001018065.2",0,NA,NA,NA,NA,NA,"NTRK2"
"NM_001018066.3",0.371342133645794,-1.72883957499299,4.53003860315258,-0.381639038084542,0.702729123822755,0.917627821396771,"NTRK2"
"NM_001024628.3",0,NA,NA,NA,NA,NA,"NRP1"
"NM_001024629.3",0,NA,NA,NA,NA,NA,"NRP1"
"NM_001035256.3",3.69354184000125,-5.02350273174376,4.41993145904802,-1.13655670416793,0.255723648183375,0.617978269971431,"POMC"
"NM_001080432.3",0,NA,NA,NA,NA,NA,"FTO"
"NM_001098517.2",18.0264718175173,-0.325566437036766,3.66199433071651,-0.0889041346421379,0.92915809759745,0.977477171906104,"CADM1"
"NM_001138.2",29.1695069686295,0.0604281569741285,2.73818275632651,0.0220687084653172,0.98239314742165,0.98951055298116,"AGRP"
"NM_001143805.1",8.10023302193496,3.04581396777466,3.55762995874339,0.856135686706015,0.391922731200857,0.647806167274144,"BDNF"
"NM_001143806.1",3.53806770978143,-4.96658347284149,4.42055113926837,-1.12352132491414,0.261216148940932,0.617978269971431,"BDNF"
"NM_001143807.2",6.49202398076288,-5.84413789046713,4.4145654773708,-1.32383083237169,0.185559233810839,0.617978269971431,"BDNF"
"NM_001143808.2",1.97469276811356,-4.12629780309955,4.43090452850039,-0.931254053559143,0.351722163000937,0.622517102656525,"BDNF"
"NM_001143809.2",1.56640095448828,4.43683224784119,4.35931860838563,1.01778113655342,0.308781978454578,0.617978269971431,"BDNF"
"NM_001143810.2",2.26717598150246,-0.337357138086593,4.16901913712354,-0.080920026267703,0.935505553533225,0.977477171906104,"BDNF"
"NM_001143811.2",0,NA,NA,NA,NA,NA,"BDNF"
"NM_001143812.2",0,NA,NA,NA,NA,NA,"BDNF"
"NM_001143813.2",2.41156119526742,-4.41690099029626,4.42663103697359,-0.997801929594751,0.3183754143238,0.622517102656525,"BDNF"
"NM_001143814.2",0,NA,NA,NA,NA,NA,"BDNF"
"NM_001143816.2",0,NA,NA,NA,NA,NA,"BDNF"
"NM_001145795.2",0,NA,NA,NA,NA,NA,"SH2B1"
"NM_001145796.2",0,NA,NA,NA,NA,NA,"SH2B1"
"NM_001145797.2",0,NA,NA,NA,NA,NA,"SH2B1"
"NM_001145812.2",6.71112252979882,-5.89076216752898,4.41433435551737,-1.33446216192624,0.182052439520889,0.617978269971431,"SH2B1"
"NM_001145845.2",0,NA,NA,NA,NA,NA,"ROBO1"
"NM_001160226.3",0,NA,NA,NA,NA,NA,"CNR1"
"NM_001160258.3",0,NA,NA,NA,NA,NA,"CNR1"
"NM_001160259.3",0,NA,NA,NA,NA,NA,"CNR1"
"NM_001164737.3",9.48536547344548,-2.39124078412241,3.20507665929499,-0.74607912331445,0.455619619670742,0.704582032889926,"CALCR"
"NM_001164738.2",0,NA,NA,NA,NA,NA,"CALCR"
"NM_001167674.2",0,NA,NA,NA,NA,NA,"CADM2"
"NM_001167675.2",0,NA,NA,NA,NA,NA,"CADM2"
"NM_001168393.2",1.56826774350388,4.4396734817369,4.35931789214505,1.01843306489225,0.308472195390303,0.617978269971431,"CREBRF"
"NM_001168394.2",0,NA,NA,NA,NA,NA,"CREBRF"
"NM_001177875.2",25.9040316245901,8.48232471051859,3.79092127089154,2.23753649954427,0.025251296551664,0.617978269971431,"PCSK1"
"NM_001184763.1",19.770459979269,1.5632154872663,3.64182005445728,0.429240177683423,0.667748446860951,0.908501288246192,"UHMK1"
"NM_001184801.2",0.196036277786759,1.48457317379067,4.55846704590964,0.32567377560024,0.74467118746172,0.920717468133836,"UBR2"
"NM_001198687.2",0,NA,NA,NA,NA,NA,"LEPR"
"NM_001198688.1",2.7887082413403,5.26694578904511,4.34565741577702,1.21200207129152,0.225511587761367,0.617978269971431,"LEPR"
"NM_001198689.2",10.3066692393788,0.580466621006032,3.24481133998495,0.178890715109718,0.858023513454443,0.952871487337675,"LEPR"
"NM_001244189.2",0,NA,NA,NA,NA,NA,"KIAA0586"
"NM_001244190.2",5.33928857160739,-5.56297488756438,4.4161202012349,-1.25969734383787,0.207778563949511,0.617978269971431,"KIAA0586"
"NM_001244191.2",6.03503013573611,-5.73892124725041,4.41512070839365,-1.29983337405477,0.193658084263954,0.617978269971431,"KIAA0586"
"NM_001244192.2",0,NA,NA,NA,NA,NA,"KIAA0586"
"NM_001244193.2",0,NA,NA,NA,NA,NA,"KIAA0586"
"NM_001244972.2",0,NA,NA,NA,NA,NA,"NRP1"
"NM_001244973.2",0,NA,NA,NA,NA,NA,"NRP1"
"NM_001256502.2",0,NA,NA,NA,NA,NA,"CADM2"
"NM_001256503.2",0,NA,NA,NA,NA,NA,"CADM2"
"NM_001256504.2",0,NA,NA,NA,NA,NA,"CADM2"
"NM_001256505.2",1.3844667287963,-3.61574415756021,4.44091140452969,-0.814189662480586,0.41553630663429,0.661732041037484,"CADM2"
"NM_001286615.2",0,NA,NA,NA,NA,NA,"ANO4"
"NM_001286616.1",6.00270963864037,6.37283682736364,4.33619785616759,1.46968312765047,0.141647594451409,0.617978269971431,"ANO4"
"NM_001291937.2",2.7681907047644,-4.61511693362702,4.42419417164526,-1.04315424562633,0.296876860469362,0.617978269971431,"NTRK2"
"NM_001301043.2",0,NA,NA,NA,NA,NA,"CADM1"
"NM_001301044.2",0,NA,NA,NA,NA,NA,"CADM1"
"NM_001301045.2",0,NA,NA,NA,NA,NA,"CADM1"
"NM_001308293.2",15.1086891516434,0.993802430499598,4.17812272968654,0.237858601768301,0.811990765064552,0.952871487337675,"SH2B1"
"NM_001308294.2",0,NA,NA,NA,NA,NA,"SH2B1"
"NM_001308418.2",7.50632898340879,6.6957971572558,4.33455681633277,1.54474781182376,0.122407275118887,0.617978269971431,"GIPR"
"NM_001309443.2",9.00868796276264,6.9594774742958,4.33345859849574,1.60598683848315,0.108276801811735,0.617978269971431,"SPARC"
"NM_001309444.2",23.0285511827975,-0.110604284409851,3.68523129289285,-0.0300128473952658,0.976056807047215,0.98951055298116,"SPARC"
"NM_001319204.2",0,NA,NA,NA,NA,NA,"POMC"
"NM_001319205.2",32.5905561764477,-0.389858534278187,3.22447385542093,-0.120906092515764,0.903765416446524,0.966594028285052,"POMC"
"NM_001320613.2",0,NA,NA,NA,NA,NA,"ADCY3"
"NM_001329943.3",0,NA,NA,NA,NA,NA,"KIAA0586"
"NM_001329944.2",0,NA,NA,NA,NA,NA,"KIAA0586"
"NM_001329945.2",0,NA,NA,NA,NA,NA,"KIAA0586"
"NM_001329946.2",0,NA,NA,NA,NA,NA,"KIAA0586"
"NM_001329947.2",0,NA,NA,NA,NA,NA,"KIAA0586"
"NM_001330068.2",0,NA,NA,NA,NA,NA,"NRP1"
"NM_001330615.4",3.69636416858803,-5.02592414946392,4.41992938410592,-1.13710507854201,0.255494361151878,0.617978269971431,"PPARG"
"NM_001346541.2",0,NA,NA,NA,NA,NA,"MRAP2"
"NM_001346542.2",0,NA,NA,NA,NA,NA,"MRAP2"
"NM_001346543.2",5.71566429315479,-5.65742171277011,4.41553291178938,-1.28125456786086,0.200104265035944,0.617978269971431,"MRAP2"
"NM_001346544.2",0,NA,NA,NA,NA,NA,"MRAP2"
"NM_001352680.2",14.8995498913569,-0.623133224706253,3.65036087751102,-0.170704553773087,0.864456081996321,0.952871487337675,"TMEM18"
"NM_001352681.1",8.89689942850144,1.03743677924718,4.10625598681264,0.25264785794625,0.800540344132141,0.947385022641587,"TMEM18"
"NM_001354666.3",2.49789539949816,-4.46073714530874,4.42599408770704,-1.00784977496879,0.313526586223115,0.620844725194287,"PPARG"
"NM_001354667.3",0,NA,NA,NA,NA,NA,"PPARG"
"NM_001354668.2",0,NA,NA,NA,NA,NA,"PPARG"
"NM_001354669.2",1.45722571780853,-3.68045258526201,4.43922647783228,-0.829075201195684,0.407061855344361,0.661732041037484,"PPARG"
"NM_001354670.2",0.214261784991296,1.54635589240112,4.55347152167658,0.339599333176844,0.73415828036964,0.920717468133836,"PPARG"
"NM_001363569.2",0,NA,NA,NA,NA,NA,"PDE3B"
"NM_001363570.2",3.3297517643221,-4.879963728481,4.42137887930581,-1.10371987149113,0.269714672864736,0.617978269971431,"PDE3B"
"NM_001363705.2",8.07931811795556,-0.536638760466837,4.11683007905554,-0.130352419255047,0.896287609245001,0.966594028285052,"UBR2"
"NM_001363891.1",0.790149276665404,-2.80513758654926,4.4659060389321,-0.628122840493085,0.529923471569826,0.780795467899195,"FTO"
"NM_001363894.1",0,NA,NA,NA,NA,NA,"FTO"
"NM_001363896.1",0,NA,NA,NA,NA,NA,"FTO"
"NM_001363897.1",0,NA,NA,NA,NA,NA,"FTO"
"NM_001363898.1",0,NA,NA,NA,NA,NA,"FTO"
"NM_001363899.1",0,NA,NA,NA,NA,NA,"FTO"
"NM_001363900.1",0.556555157625432,-2.30775645188327,4.48974972120493,-0.514005589439387,0.607248082813456,0.831846688785556,"FTO"
"NM_001363901.1",0.556555157625432,-2.30775645188327,4.48974972120493,-0.514005589439387,0.607248082813456,0.831846688785556,"FTO"
"NM_001363903.1",0.208120581426938,-0.904284542004424,4.56209215174643,-0.198217070573257,0.842875232077013,0.952871487337675,"FTO"
"NM_001363905.1",0,NA,NA,NA,NA,NA,"FTO"
"NM_001363988.1",0,NA,NA,NA,NA,NA,"FTO"
"NM_001364700.1",0,NA,NA,NA,NA,NA,"KIAA0586"
"NM_001364701.2",0,NA,NA,NA,NA,NA,"KIAA0586"
"NM_001365869.2",2.37200607880805,-4.39192382462487,4.42698823424074,-0.992079398507395,0.321158795325478,0.622517102656525,"CNR1"
"NM_001365870.2",0,NA,NA,NA,NA,NA,"CNR1"
"NM_001365872.2",0,NA,NA,NA,NA,NA,"CNR1"
"NM_001365874.3",0,NA,NA,NA,NA,NA,"CNR1"
"NM_001365987.2",0,NA,NA,NA,NA,NA,"DPP9"
"NM_001369532.1",0,NA,NA,NA,NA,NA,"NTRK2"
"NM_001369533.1",6.72398093177568,-5.89571759820929,4.41432804766204,-1.33558664751521,0.181684416841963,0.617978269971431,"NTRK2"
"NM_001369534.1",0,NA,NA,NA,NA,NA,"NTRK2"
"NM_001369535.1",2.34696690597969,5.01856261043028,4.34890894402279,1.15398199296122,0.248507551510945,0.617978269971431,"NTRK2"
"NM_001369536.1",0,NA,NA,NA,NA,NA,"NTRK2"
"NM_001369537.1",0,NA,NA,NA,NA,NA,"NTRK2"
"NM_001369538.1",0.977886144467581,3.75701240715318,4.3779757011256,0.85816200537322,0.390803012815394,0.647806167274144,"NTRK2"
"NM_001369539.1",0,NA,NA,NA,NA,NA,"NTRK2"
"NM_001369540.1",0,NA,NA,NA,NA,NA,"NTRK2"
"NM_001369541.1",0,NA,NA,NA,NA,NA,"NTRK2"
"NM_001369542.1",1.85645681452611,-4.04138964931942,4.43236663758248,-0.911790467659438,0.361879029291893,0.629354833551119,"NTRK2"
"NM_001369543.1",0,NA,NA,NA,NA,NA,"NTRK2"
"NM_001369544.1",0,NA,NA,NA,NA,NA,"NTRK2"
"NM_001369545.1",0,NA,NA,NA,NA,NA,"NTRK2"
"NM_001369546.1",0,NA,NA,NA,NA,NA,"NTRK2"
"NM_001369547.1",0,NA,NA,NA,NA,NA,"NTRK2"
"NM_001369548.1",0,NA,NA,NA,NA,NA,"NTRK2"
"NM_001369549.1",0.586825296309069,3.02206784373729,4.4108885117361,0.685138115755237,0.493256770083091,0.741739503884347,"NTRK2"
"NM_001369550.1",0,NA,NA,NA,NA,NA,"NTRK2"
"NM_001369551.1",0,NA,NA,NA,NA,NA,"NTRK2"
"NM_001369552.1",0,NA,NA,NA,NA,NA,"NTRK2"
"NM_001370545.1",0,NA,NA,NA,NA,NA,"CNR1"
"NM_001370546.1",6.03524318422278,-5.73836896485513,4.41511837940305,-1.29970897080023,0.193700734569559,0.617978269971431,"CNR1"
"NM_001370547.1",0,NA,NA,NA,NA,NA,"CNR1"
"NM_001374261.3",0,NA,NA,NA,NA,NA,"PPARG"
"NM_001374262.3",3.53747346128716,-1.21844521952262,4.13554874543987,-0.294627217456005,0.76827866808412,0.936925204980634,"PPARG"
"NM_001374263.2",0,NA,NA,NA,NA,NA,"PPARG"
"NM_001374264.2",12.271075520869,7.40726414144649,3.82030026014468,1.93892197917605,0.0525108391829515,0.617978269971431,"PPARG"
"NM_001374265.1",0,NA,NA,NA,NA,NA,"PPARG"
"NM_001374266.1",2.70668921477239,-4.57246430437178,4.42453030014653,-1.0334349624005,0.301400391931694,0.617978269971431,"PPARG"
"NM_001374769.1",7.27542348010262,0.647837662614475,4.10099935922453,0.157970681257794,0.874479901564423,0.95571573941467,"SIM1"
"NM_001375960.1",8.94837528313103,-6.30764631354943,4.41261134187075,-1.42945884530933,0.152872395498573,0.617978269971431,"CADM2"
"NM_001375961.1",13.600121590249,-0.623372711730445,4.18222849788459,-0.149052762670847,0.881511999338383,0.958165216672156,"CADM2"
"NM_001375964.1",10.5067185457742,-1.37203559776714,4.12812516839849,-0.332362886733742,0.739615259270395,0.920717468133836,"CADM2"
"NM_001375967.1",0,NA,NA,NA,NA,NA,"CADM2"
"NM_001375968.1",6.85204440112573,6.5626363965293,4.33517206748478,1.51381220730573,0.130073475618416,0.617978269971431,"CADM2"
"NM_001377128.1",0,NA,NA,NA,NA,NA,"ADCY3"
"NM_001377129.1",2.59783222627096,-4.52460697914436,4.42526155204184,-1.02244961703036,0.306568147159267,0.617978269971431,"ADCY3"
"NM_001377130.1",6.21641815960228,6.42371761710543,3.87281411607214,1.65866923239281,0.0971824625340418,0.617978269971431,"ADCY3"
"NM_001377131.1",0,NA,NA,NA,NA,NA,"ADCY3"
"NM_001377132.1",0,NA,NA,NA,NA,NA,"ADCY3"
"NM_001381963.1",0,NA,NA,NA,NA,NA,"CADM2"
"NM_001381964.1",4.5397345615221,-5.32908929088826,4.10610461334727,-1.2978454746539,0.19434043965141,0.617978269971431,"CADM2"
"NM_001384125.1",0,NA,NA,NA,NA,NA,"KIAA1109"
"NM_001384611.1",0,NA,NA,NA,NA,NA,"DPP9"
"NM_001384612.1",0,NA,NA,NA,NA,NA,"DPP9"
"NM_001384613.1",0,NA,NA,NA,NA,NA,"DPP9"
"NM_001384614.1",9.64581222297035,7.05713786079591,4.33309764244521,1.62865885865741,0.103385256709154,0.617978269971431,"DPP9"
"NM_001384615.1",0,NA,NA,NA,NA,NA,"DPP9"
"NM_001384616.1",0,NA,NA,NA,NA,NA,"DPP9"
"NM_001384617.1",0,NA,NA,NA,NA,NA,"DPP9"
"NM_001384618.1",0,NA,NA,NA,NA,NA,"DPP9"
"NM_001384619.1",0,NA,NA,NA,NA,NA,"DPP9"
"NM_001384620.1",0,NA,NA,NA,NA,NA,"DPP9"
"NM_001384621.1",0,NA,NA,NA,NA,NA,"DPP9"
"NM_001384622.1",0,NA,NA,NA,NA,NA,"DPP9"
"NM_001384623.1",0,NA,NA,NA,NA,NA,"DPP9"
"NM_001384624.1",0,NA,NA,NA,NA,NA,"DPP9"
"NM_001384625.1",0,NA,NA,NA,NA,NA,"DPP9"
"NM_001384626.1",0,NA,NA,NA,NA,NA,"DPP9"
"NM_001384627.1",0,NA,NA,NA,NA,NA,"DPP9"
"NM_001384628.1",0,NA,NA,NA,NA,NA,"DPP9"
"NM_001384629.1",5.56586040513066,-5.62259984341377,4.41575581095881,-1.27330406936449,0.202910163265589,0.617978269971431,"DPP9"
"NM_001384630.1",6.85173773055456,6.56435874289889,4.33517604653335,1.51420811345092,0.129973064549535,0.617978269971431,"DPP9"
"NM_001384631.1",1.17463746094819,4.02200564537576,4.36969610809431,0.92043143181639,0.357347349526106,0.626925174607204,"DPP9"
"NM_001384632.1",0,NA,NA,NA,NA,NA,"DPP9"
"NM_001384633.1",0,NA,NA,NA,NA,NA,"DPP9"
"NM_001384634.1",0.784388467411918,3.44204217667762,4.39035258348031,0.784001309969745,0.433039341654021,0.676623971334407,"DPP9"
"NM_001384635.1",0,NA,NA,NA,NA,NA,"DPP9"
"NM_001384636.1",0,NA,NA,NA,NA,NA,"DPP9"
"NM_001384637.1",0,NA,NA,NA,NA,NA,"DPP9"
"NM_001384638.1",0,NA,NA,NA,NA,NA,"DPP9"
"NM_001387404.1",9.86672211018026,7.09046314029164,4.33298667326126,1.63639163352306,0.101757649073972,0.617978269971431,"SH2B1"
"NM_001387430.1",7.84073550333356,-6.11584157366471,4.14668557113615,-1.47487468455175,0.140246237521196,0.617978269971431,"SH2B1"
"NM_001424094.1",2.14229356362364,4.88492068914415,4.35094783863997,1.12272563825336,0.261554035745921,0.617978269971431,"CNR1"
"NM_001424095.1",2.56949545886811,-4.50722709048145,4.42548584619893,-1.01847056958791,0.308454380177609,0.617978269971431,"CNR1"
"NM_001424096.1",0,NA,NA,NA,NA,NA,"CNR1"
"NM_001424097.1",10.6757882309766,0.478328903166404,4.18343873626328,0.114338689609605,0.908969313717946,0.966988631614836,"CNR1"
"NM_001424098.1",0,NA,NA,NA,NA,NA,"CNR1"
"NM_001429699.1",9.83076570595886,-0.254121207186206,4.12127356008859,-0.0616608442708529,0.950832922350085,0.980240126134108,"PDE3B"
"NM_001429700.1",0,NA,NA,NA,NA,NA,"PDE3B"
"NM_001709.5",0,NA,NA,NA,NA,NA,"BDNF"
"NM_001742.4",22.5556277761339,0.784070947071176,2.75238388867985,0.284869763369835,0.775743921921884,0.937669888780449,"CALCR"
"NM_002303.6",12.8973840325651,1.78850035106853,3.28803262404187,0.543942398256982,0.586481111675703,0.831601906060422,"LEPR"
"NM_002941.4",0,NA,NA,NA,NA,NA,"ROBO1"
"NM_003118.4",9.99672777500226,-6.4663206729045,4.08554538375096,-1.58273132850815,0.113482714534065,0.617978269971431,"SPARC"
"NM_003872.3",0,NA,NA,NA,NA,NA,"NRP2"
"NM_003873.7",0,NA,NA,NA,NA,NA,"NRP1"
"NM_004036.5",0,NA,NA,NA,NA,NA,"ADCY3"
"NM_005037.7",3.54323784294923,-4.96615103235075,4.4204973284986,-1.12343717534549,0.261251868614928,0.617978269971431,"PPARG"
"NM_005068.3",14.5657636567063,-0.67936055864817,3.65397935610202,-0.185923480250008,0.852504768653664,0.952871487337675,"SIM1"
"NM_005912.3",19.5620373892893,-1.73054948431355,2.77419203021016,-0.623803062465887,0.532756928183305,0.780795467899195,"MC4R"
"NM_006180.6",0,NA,NA,NA,NA,NA,"NTRK2"
"NM_006794.4",39.7427660448689,-0.0529167009716524,2.73490866456941,-0.0193486172526291,0.984563000216254,0.98951055298116,"GPR75"
"NM_014333.4",0,NA,NA,NA,NA,NA,"CADM1"
"NM_014749.5",3.89897733994547,-5.11075300849404,4.41932277770566,-1.1564561507651,0.247494625444817,0.617978269971431,"KIAA0586"
"NM_015255.3",11.5058037169553,0.693404960284366,3.6469746413788,0.190131555184659,0.849206043605287,0.952871487337675,"UBR2"
"NM_015312.4",4.45755575744848,-5.30436361729573,4.4178357716581,-1.20067016780592,0.22987917060657,0.617978269971431,"KIAA1109"
"NM_015503.3",10.5982615807205,3.32112595729534,3.5398705375701,0.93820548577889,0.348138819744737,0.622517102656525,"SH2B1"
"NM_015869.5",0,NA,NA,NA,NA,NA,"PPARG"
"NM_016083.6",9.90948165124287,0.31888676280748,4.1248573464574,0.0773085554295236,0.93837808502986,0.977477171906104,"CNR1"
"NM_017934.7",0,NA,NA,NA,NA,NA,"PHIP"
"NM_018534.4",0,NA,NA,NA,NA,NA,"NRP2"
"NM_032139.3",32.0403388670249,0.0571409180623891,2.73525617299629,0.020890517907065,0.983332990588908,0.98951055298116,"ANKRD27"
"NM_033181.4",9.39237491235084,7.01883432557298,4.33323093296509,1.61976927474073,0.105281848760899,0.617978269971431,"CNR1"
"NM_133631.4",0,NA,NA,NA,NA,NA,"ROBO1"
"NM_138409.4",12.6331368478755,4.86052588691538,3.50627645749564,1.38623578198595,0.16567491870092,0.617978269971431,"MRAP2"
"NM_138711.6",0,NA,NA,NA,NA,NA,"PPARG"
"NM_138712.5",0,NA,NA,NA,NA,NA,"PPARG"
"NM_139159.5",0,NA,NA,NA,NA,NA,"DPP9"
"NM_144624.2",12.2695855763679,-6.76363545472179,4.07445365081088,-1.66001040492281,0.0969123593647244,0.617978269971431,"UHMK1"
"NM_152834.4",0,NA,NA,NA,NA,NA,"TMEM18"
"NM_153184.4",0,NA,NA,NA,NA,NA,"CADM2"
"NM_153607.3",0,NA,NA,NA,NA,NA,"CREBRF"
"NM_170731.5",0.587241582737511,3.0237586970017,4.41088744170213,0.685521618260759,0.493014823665945,0.741739503884347,"BDNF"
"NM_170732.4",11.4435246659858,-1.36223040784996,4.19169584514089,-0.324983123341139,0.74519384465328,0.920717468133836,"BDNF"
"NM_170733.4",7.84689267958625,-2.22221194428498,4.12895246027773,-0.538202356569516,0.5904373533029,0.831601906060422,"BDNF"
"NM_170734.4",0,NA,NA,NA,NA,NA,"BDNF"
"NM_170735.6",0,NA,NA,NA,NA,NA,"BDNF"
"NM_173598.6",10.306233752115,-6.51228608970681,4.08219817986671,-1.59528905819057,0.110647611282349,0.617978269971431,"KSR2"
"NM_175866.5",0,NA,NA,NA,NA,NA,"UHMK1"
"NM_178826.4",0,NA,NA,NA,NA,NA,"ANO4"
"NM_194251.3",56.7409594777282,0.177558444579944,2.72523645557403,0.0651534086947859,0.948051856738855,0.980240126134108,"GPR151"
"NM_201264.2",0,NA,NA,NA,NA,NA,"NRP2"
"NM_201266.2",6.064170749549,6.38755070613159,4.33610247966953,1.47310879668564,0.140721701848243,0.617978269971431,"NRP2"
"NM_201267.2",4.78648346898418,-5.40404801194131,4.41712995946639,-1.22342970696614,0.221167438749226,0.617978269971431,"NRP2"
"NM_201279.2",5.00868131969289,1.69994896895821,4.08047818475832,0.416605332019168,0.676967108633013,0.913524226826533,"NRP2"
"NR_045259.2",4.94076431288637,-5.45036186000133,4.41681903011268,-1.23400162488937,0.217202298761156,0.617978269971431,"NRP1"
"NR_156761.1",0.820613346519537,3.50264910539577,4.38768697056589,0.798290563773748,0.424701892685098,0.668821878244248,"FTO"
"NR_158699.2",8.29694265060632,-6.19771648793576,4.41301404217381,-1.40441803010507,0.160194404967858,0.617978269971431,"DPP9"
"NR_169283.1",8.53287972229242,-6.2376128420729,4.41286112963854,-1.4135076221136,0.157506521847295,0.617978269971431,"DPP9"
"NR_169284.1",0,NA,NA,NA,NA,NA,"DPP9"
"NR_169285.1",0,NA,NA,NA,NA,NA,"DPP9"
"NR_169286.1",0,NA,NA,NA,NA,NA,"DPP9"
"NR_169287.1",0.742089759334213,-2.7209922167847,4.46938920294961,-0.608806280506733,0.54265285018994,0.780795467899195,"DPP9"
"NR_169288.1",0,NA,NA,NA,NA,NA,"DPP9"
"NR_169289.1",0,NA,NA,NA,NA,NA,"DPP9"
"NR_169290.1",0,NA,NA,NA,NA,NA,"DPP9"
"NR_169291.1",0,NA,NA,NA,NA,NA,"DPP9"
"NR_169292.1",1.45705564876412,-3.68238801121375,4.43925813983406,-0.829505267596672,0.406818557323259,0.661732041037484,"DPP9"
"NR_190763.1",0,NA,NA,NA,NA,NA,"PDE3B"
"NR_190764.1",9.88440149939184,0.703531366710689,4.1173819022309,0.170868620744046,0.864327070783581,0.952871487337675,"PDE3B"
"NR_190765.1",8.83055515944251,-0.138805300247287,3.64165687591553,-0.0381159743976129,0.969595214837743,0.98951055298116,"PDE3B"
"NR_190766.1",0,NA,NA,NA,NA,NA,"PDE3B"
"XM_005248729.6",4.45700260719691,-5.30397003968335,4.41783605021218,-1.20058100377641,0.229913773435873,0.617978269971431,"PHIP"
"XM_005248966.4",2.96950068522108,-4.71760463744908,4.42303597991245,-1.06659874775481,0.286153066217324,0.617978269971431,"UBR2"
"XM_005250340.6",20.9371396039627,0.453741513215494,3.68635905086894,0.123086630182846,0.902038498339611,0.966594028285052,"LEP"
"XM_005252001.4",12.8251626278944,-6.8272175950354,4.08312727327947,-1.67205603403882,0.0945132731922555,0.617978269971431,"NTRK2"
"XM_005252003.4",0,NA,NA,NA,NA,NA,"NTRK2"
"XM_005252004.3",0,NA,NA,NA,NA,NA,"NTRK2"
"XM_005263282.2",0,NA,NA,NA,NA,NA,"KIAA1109"
"XM_005263287.2",0,NA,NA,NA,NA,NA,"KIAA1109"
"XM_005265821.4",0,NA,NA,NA,NA,NA,"CREBRF"
"XM_005271494.4",0,NA,NA,NA,NA,NA,"CADM1"
"XM_006711925.2",0,NA,NA,NA,NA,NA,"ADCY3"
"XM_006713277.4",0,NA,NA,NA,NA,NA,"ROBO1"
"XM_006714344.2",0,NA,NA,NA,NA,NA,"KIAA1109"
"XM_006714822.5",0,NA,NA,NA,NA,NA,"CREBRF"
"XM_006717521.3",0,NA,NA,NA,NA,NA,"NRP1"
"XM_006717522.3",0,NA,NA,NA,NA,NA,"NRP1"
"XM_006717524.3",0,NA,NA,NA,NA,NA,"NRP1"
"XM_006717525.3",12.4993562770077,1.27385245696114,4.18152153600902,0.304638502036019,0.760641492585738,0.933302444890477,"NRP1"
"XM_006717526.3",0,NA,NA,NA,NA,NA,"NRP1"
"XM_006718249.4",0,NA,NA,NA,NA,NA,"PDE3B"
"XM_011514438.3",7.90797261639425,-6.12903618544832,4.41329490687518,-1.38876651453777,0.164903760715741,0.617978269971431,"UBR2"
"XM_011514440.2",0,NA,NA,NA,NA,NA,"UBR2"
"XM_011514441.3",4.10842863918511,5.82614561215584,4.33995930459871,1.34244245239404,0.179452577776172,0.617978269971431,"UBR2"
"XM_011518718.4",0,NA,NA,NA,NA,NA,"NTRK2"
"XM_011519755.4",0,NA,NA,NA,NA,NA,"NRP1"
"XM_011519756.3",0,NA,NA,NA,NA,NA,"NRP1"
"XM_011523314.4",0,NA,NA,NA,NA,NA,"FTO"
"XM_011523315.4",0,NA,NA,NA,NA,NA,"FTO"
"XM_011523316.4",0,NA,NA,NA,NA,NA,"FTO"
"XM_011526709.3",0,NA,NA,NA,NA,NA,"GIPR"
"XM_011526710.3",5.13321900241854,-5.50433809987704,4.41646183321977,-1.24632303136291,0.212645825740347,0.617978269971431,"GIPR"
"XM_011526713.3",5.82767080123973,-5.68625570932059,4.41538722607112,-1.28782718664979,0.19780612633274,0.617978269971431,"GIPR"
"XM_011526715.3",0,NA,NA,NA,NA,NA,"GIPR"
"XM_011526716.3",3.53982433201258,-4.95843706176225,4.42049397468779,-1.12169298050281,0.261993002153602,0.617978269971431,"GIPR"
"XM_011528405.2",0,NA,NA,NA,NA,NA,"DPP9"
"XM_011532320.4",0,NA,NA,NA,NA,NA,"KIAA1109"
"XM_011532322.2",0,NA,NA,NA,NA,NA,"KIAA1109"
"XM_011532323.2",0,NA,NA,NA,NA,NA,"KIAA1109"
"XM_011532324.2",0,NA,NA,NA,NA,NA,"KIAA1109"
"XM_011532325.2",0,NA,NA,NA,NA,NA,"KIAA1109"
"XM_011532326.2",0,NA,NA,NA,NA,NA,"KIAA1109"
"XM_011532330.2",0,NA,NA,NA,NA,NA,"KIAA1109"
"XM_011532489.2",0,NA,NA,NA,NA,NA,"ADCY3"
"XM_011532490.2",0,NA,NA,NA,NA,NA,"ADCY3"
"XM_011532491.2",0,NA,NA,NA,NA,NA,"ADCY3"
"XM_011532492.3",0,NA,NA,NA,NA,NA,"ADCY3"
"XM_011532493.2",3.34018704504191,-4.88687031789636,4.42130470219115,-1.10530050450368,0.269029399398625,0.617978269971431,"ADCY3"
"XM_011532494.2",2.56866127105547,-4.50638963387995,4.42548859643526,-1.01828070182123,0.308544576805784,0.617978269971431,"ADCY3"
"XM_011533976.1",0,NA,NA,NA,NA,NA,"ROBO1"
"XM_011533977.3",0,NA,NA,NA,NA,NA,"ROBO1"
"XM_011533978.1",0,NA,NA,NA,NA,NA,"ROBO1"
"XM_011533979.1",0,NA,NA,NA,NA,NA,"ROBO1"
"XM_011533980.1",4.28380922063093,5.8850709514131,4.33947854186738,1.35617007772565,0.175045060114641,0.617978269971431,"ROBO1"
"XM_011534442.2",22.6955325375499,-0.521374524854476,2.74833889161646,-0.189705325804208,0.849540047210229,0.952871487337675,"CREBRF"
"XM_011535918.4",10.1288126529973,1.1195160580699,3.25633326201536,0.343796524492407,0.730999314148229,0.920717468133836,"PHIP"
"XM_011535919.2",0,NA,NA,NA,NA,NA,"PHIP"
"XM_011537911.3",2.59751101277813,-4.52421518425904,4.42526202259282,-1.02236097233588,0.306610084999891,0.617978269971431,"ANO4"
"XM_011537912.3",0,NA,NA,NA,NA,NA,"ANO4"
"XM_011537913.3",11.484563958733,-6.6667225834396,3.58383481254573,-1.86022038741902,0.0628543517661978,0.617978269971431,"ANO4"
"XM_011537915.3",2.34904298567551,5.02067206119871,4.34890858605303,1.15446714085921,0.248308702606149,0.617978269971431,"ANO4"
"XM_011537916.3",2.56731039946958,-4.5050327450664,4.42549305244834,-1.01797306914176,0.308690754642789,0.617978269971431,"ANO4"
"XM_011537918.3",2.92758611200775,-0.689054425336561,3.76339818792188,-0.183093680479517,0.854724514206817,0.952871487337675,"ANO4"
"XM_011538224.4",8.91555772580586,-6.30394983341112,4.41262781347357,-1.42861580443349,0.15311468911595,0.617978269971431,"KSR2"
"XM_011538225.4",8.01449074615138,6.78904727772584,4.33412532622286,1.56641692769009,0.11725104257773,0.617978269971431,"KSR2"
"XM_011538226.4",2.98297281495932,2.50876292120482,4.10273927814303,0.611484852223008,0.54087864354149,0.780795467899195,"KSR2"
"XM_011538229.4",3.35343567259236,-4.88912503091971,4.42125223761904,-1.10582359208545,0.268802881528415,0.617978269971431,"KSR2"
"XM_017003187.2",0,NA,NA,NA,NA,NA,"ADCY3"
"XM_017003188.2",0,NA,NA,NA,NA,NA,"ADCY3"
"XM_017003189.2",0,NA,NA,NA,NA,NA,"ADCY3"
"XM_017003191.1",1.76219699528672,4.60656806627333,4.35585223117826,1.05755838852854,0.290256821806692,0.617978269971431,"ADCY3"
"XM_017005188.3",1.44982968856304,1.11189020386772,4.25628917700997,0.261234647747505,0.79391156047476,0.945132810089,"NRP2"
"XM_017006062.3",0,NA,NA,NA,NA,NA,"CADM2"
"XM_017006063.3",0,NA,NA,NA,NA,NA,"CADM2"
"XM_017006982.2",4.7449003942498,-5.39243062511195,4.41720892204369,-1.22077780795051,0.222170158428864,0.617978269971431,"ROBO1"
"XM_017006983.3",0,NA,NA,NA,NA,NA,"ROBO1"
"XM_017006984.1",0,NA,NA,NA,NA,NA,"ROBO1"
"XM_017006985.2",0,NA,NA,NA,NA,NA,"ROBO1"
"XM_017008695.2",0,NA,NA,NA,NA,NA,"KIAA1109"
"XM_017008697.2",0,NA,NA,NA,NA,NA,"KIAA1109"
"XM_017008698.2",0.197847116668314,-0.907458872097297,4.56209215174643,-0.198912876354308,0.842330896908996,0.952871487337675,"KIAA1109"
"XM_017008699.2",0.85649568399821,3.56005771815143,4.38522749734543,0.811829653149463,0.416889384353569,0.661732041037484,"KIAA1109"
"XM_017010220.2",0,NA,NA,NA,NA,NA,"MRAP2"
"XM_017010221.3",0.368150562642711,-1.70552382661864,4.53040039455867,-0.376462051492644,0.706573422475514,0.917627821396771,"MRAP2"
"XM_017010594.2",0,NA,NA,NA,NA,NA,"UBR2"
"XM_017010597.2",0,NA,NA,NA,NA,NA,"UBR2"
"XM_017014751.3",0,NA,NA,NA,NA,NA,"NTRK2"
"XM_017014752.2",0,NA,NA,NA,NA,NA,"NTRK2"
"XM_017014753.3",4.94148706130482,-1.6732349728836,4.12680920061163,-0.40545489058123,0.6851431701199,0.913524226826533,"NTRK2"
"XM_017014755.1",0,NA,NA,NA,NA,NA,"NTRK2"
"XM_017014760.3",2.78403112043276,5.26287731999768,4.34565686628443,1.21106600956681,0.225870107141808,0.617978269971431,"NTRK2"
"XM_017016865.3",0,NA,NA,NA,NA,NA,"NRP1"
"XM_017017457.3",0,NA,NA,NA,NA,NA,"CADM1"
"XM_017019208.3",0,NA,NA,NA,NA,NA,"KSR2"
"XM_017019209.3",0,NA,NA,NA,NA,NA,"KSR2"
"XM_017019210.3",6.42160683710552,6.46867854396949,4.33565065662644,1.49197411329324,0.135705931771337,0.617978269971431,"KSR2"
"XM_017023654.3",0,NA,NA,NA,NA,NA,"FTO"
"XM_017023656.3",7.19995227013229,3.15643423277153,3.55120001136796,0.888835949162897,0.37409125250728,0.634052970351322,"FTO"
"XM_017023657.3",0,NA,NA,NA,NA,NA,"FTO"
"XM_024448841.2",3.91742112001042,5.75861229832828,4.34055641417347,1.32669910233728,0.184608238038239,0.617978269971431,"ANO4"
"XM_024448842.2",0,NA,NA,NA,NA,NA,"ANO4"
"XM_024449779.2",0,NA,NA,NA,NA,NA,"KIAA0586"
"XM_024449780.2",0,NA,NA,NA,NA,NA,"KIAA0586"
"XM_024449781.2",0,NA,NA,NA,NA,NA,"KIAA0586"
"XM_024449787.2",0,NA,NA,NA,NA,NA,"KIAA0586"
"XM_024449791.2",0,NA,NA,NA,NA,NA,"KIAA0586"
"XM_024450437.2",0,NA,NA,NA,NA,NA,"FTO"
"XM_024454243.1",2.34596966196169,5.01754866383864,4.34890911588907,1.15374879771726,0.248603171513739,0.617978269971431,"KIAA1109"
"XM_047416251.1",0,NA,NA,NA,NA,NA,"KIAA1109"
"XM_047416252.1",2.08095940759335,-4.2021186692427,4.42976349557166,-0.948610162471082,0.342818920432245,0.622517102656525,"KIAA1109"
"XM_047416253.1",0,NA,NA,NA,NA,NA,"KIAA1109"
"XM_047416254.1",0,NA,NA,NA,NA,NA,"KIAA1109"
"XM_047416255.1",0,NA,NA,NA,NA,NA,"KIAA1109"
"XM_047416256.1",0,NA,NA,NA,NA,NA,"KIAA1109"
"XM_047416257.1",0,NA,NA,NA,NA,NA,"KIAA1109"
"XM_047416258.1",0,NA,NA,NA,NA,NA,"KIAA1109"
"XM_047416259.1",0,NA,NA,NA,NA,NA,"KIAA1109"
"XM_047416260.1",1.28430832777165,4.1451584419923,4.36620654370381,0.949372962662459,0.342430956538999,0.622517102656525,"KIAA1109"
"XM_047416261.1",0,NA,NA,NA,NA,NA,"KIAA1109"
"XM_047416262.1",0.195483193806059,1.47788658970934,4.55846278497404,0.32420722937146,0.745781149188407,0.920717468133836,"KIAA1109"
"XM_047416263.1",0,NA,NA,NA,NA,NA,"KIAA1109"
"XM_047416264.1",0,NA,NA,NA,NA,NA,"KIAA1109"
"XM_047416265.1",0,NA,NA,NA,NA,NA,"KIAA1109"
"XM_047416266.1",0,NA,NA,NA,NA,NA,"KIAA1109"
"XM_047416267.1",0,NA,NA,NA,NA,NA,"KIAA1109"
"XM_047416268.1",0,NA,NA,NA,NA,NA,"KIAA1109"
"XM_047416269.1",0,NA,NA,NA,NA,NA,"KIAA1109"
"XM_047416270.1",0,NA,NA,NA,NA,NA,"KIAA1109"
"XM_047416271.1",0,NA,NA,NA,NA,NA,"KIAA1109"
"XM_047416272.1",1.97860280434626,-4.13139038989412,4.43088292945849,-0.932407932158801,0.351125747017522,0.622517102656525,"KIAA1109"
"XM_047416273.1",0,NA,NA,NA,NA,NA,"KIAA1109"
"XM_047416275.1",0,NA,NA,NA,NA,NA,"KIAA1109"
"XM_047416276.1",0,NA,NA,NA,NA,NA,"KIAA1109"
"XM_047416277.1",0,NA,NA,NA,NA,NA,"KIAA1109"
"XM_047416801.1",0,NA,NA,NA,NA,NA,"CREBRF"
"XM_047416802.1",0,NA,NA,NA,NA,NA,"CREBRF"
"XM_047418132.1",5.37290318239912,-5.56933908720618,4.41604572425499,-1.26115974221389,0.207251299758584,0.617978269971431,"MRAP2"
"XM_047418133.1",5.3028149347405,2.09457244123862,4.06773459185715,0.514923575749403,0.606606425619142,0.831846688785556,"MRAP2"
"XM_047418171.1",10.2692027692929,-2.36723134276723,4.1302802027892,-0.573140616747656,0.566549488075205,0.809356411536007,"CNR1"
"XM_047418172.1",0,NA,NA,NA,NA,NA,"CNR1"
"XM_047418173.1",0,NA,NA,NA,NA,NA,"CNR1"
"XM_047418493.1",9.99502606604412,2.17258886523072,4.0874700642688,0.531524104414297,0.595055642269357,0.831846688785556,"UBR2"
"XM_047418494.1",0,NA,NA,NA,NA,NA,"UBR2"
"XM_047418495.1",0,NA,NA,NA,NA,NA,"UBR2"
"XM_047423432.1",0,NA,NA,NA,NA,NA,"NTRK2"
"XM_047423433.1",0,NA,NA,NA,NA,NA,"NTRK2"
"XM_047425976.1",0,NA,NA,NA,NA,NA,"NRP1"
"XM_047425977.1",0,NA,NA,NA,NA,NA,"NRP1"
"XM_047425978.1",6.89312213313846,1.1458265433446,4.08808138967077,0.280284670026318,0.779259111168725,0.937669888780449,"NRP1"
"XM_047426690.1",0,NA,NA,NA,NA,NA,"CADM1"
"XM_047426691.1",0,NA,NA,NA,NA,NA,"CADM1"
"XM_047426692.1",0,NA,NA,NA,NA,NA,"CADM1"
"XM_047426693.1",0,NA,NA,NA,NA,NA,"CADM1"
"XM_047426694.1",0,NA,NA,NA,NA,NA,"CADM1"
"XM_047426695.1",13.1807869787025,0.699399759081227,4.1798473320067,0.167326627871227,0.867113053477284,0.952871487337675,"CADM1"
"XM_047427115.1",0,NA,NA,NA,NA,NA,"PDE3B"
"XM_047428302.1",0,NA,NA,NA,NA,NA,"ANO4"
"XM_047428303.1",0,NA,NA,NA,NA,NA,"ANO4"
"XM_047428305.1",0,NA,NA,NA,NA,NA,"ANO4"
"XM_047428306.1",0,NA,NA,NA,NA,NA,"ANO4"
"XM_047428307.1",0,NA,NA,NA,NA,NA,"ANO4"
"XM_047428308.1",0,NA,NA,NA,NA,NA,"ANO4"
"XM_047432000.1",0,NA,NA,NA,NA,NA,"KIAA0586"
"XM_047432001.1",0,NA,NA,NA,NA,NA,"KIAA0586"
"XM_047432002.1",7.49520011635157,6.69220138534479,4.33455663409897,1.543918317435,0.122608121978422,0.617978269971431,"KIAA0586"
"XM_047432003.1",0,NA,NA,NA,NA,NA,"KIAA0586"
"XM_047432004.1",1.56542671884106,4.43534810706999,4.35931898192178,1.01744059690596,0.308943877710898,0.617978269971431,"KIAA0586"
"XM_047432005.1",0,NA,NA,NA,NA,NA,"KIAA0586"
"XM_047432006.1",4.30250794841005,5.8923644419917,4.33941619942723,1.35787031508281,0.174504838212985,0.617978269971431,"KIAA0586"
"XM_047432007.1",0,NA,NA,NA,NA,NA,"KIAA0586"
"XM_047432008.1",0,NA,NA,NA,NA,NA,"KIAA0586"
"XM_047432009.1",0,NA,NA,NA,NA,NA,"KIAA0586"
"XM_047432010.1",0,NA,NA,NA,NA,NA,"KIAA0586"
"XM_047432011.1",0,NA,NA,NA,NA,NA,"KIAA0586"
"XM_047432012.1",0,NA,NA,NA,NA,NA,"KIAA0586"
"XM_047432013.1",0.371240016348392,-1.72797768192163,4.53004474382781,-0.381448259264106,0.702870657206528,0.917627821396771,"KIAA0586"
"XM_047432014.1",0,NA,NA,NA,NA,NA,"KIAA0586"
"XM_047432015.1",0,NA,NA,NA,NA,NA,"KIAA0586"
"XM_047433694.1",2.89183681562331,0.303988061550016,3.69738906938775,0.0822169525157257,0.934474192925686,0.977477171906104,"AGRP"
"XM_047434606.1",0,NA,NA,NA,NA,NA,"FTO"
"XM_047434607.1",0,NA,NA,NA,NA,NA,"FTO"
"XM_047434608.1",0,NA,NA,NA,NA,NA,"FTO"
"XM_047434609.1",0,NA,NA,NA,NA,NA,"FTO"
"XM_047438599.1",0,NA,NA,NA,NA,NA,"GIPR"
"XM_047438600.1",0,NA,NA,NA,NA,NA,"GIPR"
"XM_047438601.1",1.77338796655204,-3.96872756796107,4.43353348194068,-0.895161293836412,0.370700872324924,0.633676704828931,"GIPR"
"XM_047438602.1",0,NA,NA,NA,NA,NA,"GIPR"
"XM_047438603.1",0,NA,NA,NA,NA,NA,"GIPR"
"XM_047439652.1",1.112393400484,-3.30187640362826,4.44888931879427,-0.742179939087163,0.457978321378452,0.704582032889926,"DPP9"
"XM_047439653.1",0,NA,NA,NA,NA,NA,"DPP9"
"XM_047439654.1",0,NA,NA,NA,NA,NA,"DPP9"
"XM_047443005.1",3.32980545616745,-4.87970942117387,4.42137696498507,-1.10366283169667,0.26973942447431,0.617978269971431,"ADCY3"
"XM_047443006.1",0,NA,NA,NA,NA,NA,"ADCY3"
"XM_047443007.1",3.3298321059894,-4.87958299988384,4.421376013767,-1.10363447593919,0.269751729632841,0.617978269971431,"ADCY3"
"XM_047443008.1",2.14284766084507,4.88554753616302,4.35094794804003,1.12286968139065,0.261492845721637,0.617978269971431,"ADCY3"
"XM_047443009.1",0,NA,NA,NA,NA,NA,"ADCY3"
"XM_047443010.1",0,NA,NA,NA,NA,NA,"ADCY3"
"XM_047443011.1",0,NA,NA,NA,NA,NA,"ADCY3"
"XM_047443012.1",0,NA,NA,NA,NA,NA,"ADCY3"
"XM_047443013.1",1.97594860282107,-4.12793483032909,4.43089758562145,-0.931624970011607,0.351530374020715,0.622517102656525,"ADCY3"
"XM_047443014.1",0,NA,NA,NA,NA,NA,"ADCY3"
"XM_047443015.1",3.00142676670368,5.37247491712129,4.34439680438593,1.23664461581812,0.216219048499883,0.617978269971431,"ADCY3"
"XM_047443016.1",0,NA,NA,NA,NA,NA,"ADCY3"
"XM_047446170.1",0,NA,NA,NA,NA,NA,"NRP2"
"XM_047446171.1",0,NA,NA,NA,NA,NA,"NRP2"
"XM_047446172.1",2.28919565273016,-4.33884698466683,4.4277229200086,-0.979927394521425,0.327121959372791,0.622517102656525,"NRP2"
"XM_047446173.1",0.742455747201853,-2.72254667551481,4.46938312058388,-0.609154910657812,0.542421763809361,0.780795467899195,"NRP2"
"XM_047446174.1",4.5515243207494,-5.33319520054572,4.10794588048395,-1.29826325752797,0.194196887564944,0.617978269971431,"NRP2"
"XM_047446175.1",0,NA,NA,NA,NA,NA,"NRP2"
"XM_047446176.1",4.11707450877495,5.8284276199979,3.90705363749868,1.4917705669711,0.135759302407816,0.617978269971431,"NRP2"
"XM_047447872.1",0.405578029487469,-1.83723282965554,4.52104375342031,-0.406373600845073,0.684468113728702,0.913524226826533,"CADM2"
"XM_047448661.1",5.6145552827778,1.1266155986715,4.08977843410409,0.275471059575455,0.782954357131675,0.937669888780449,"ROBO1"
"XM_047448662.1",0,NA,NA,NA,NA,NA,"ROBO1"
"XM_047448663.1",2.97039006232135,-4.71855373502379,4.42303497974487,-1.06681356955851,0.286056029785126,0.617978269971431,"ROBO1"
"XM_047448664.1",4.86966729301067,0.0133260909347441,4.10691821801152,0.00324479091799309,0.997411035966558,0.997411035966558,"ROBO1"
"XM_047448665.1",0,NA,NA,NA,NA,NA,"ROBO1"
"XM_054313884.1",0,NA,NA,NA,NA,NA,"FTO"
"XM_054313885.1",0,NA,NA,NA,NA,NA,"FTO"
"XM_054313886.1",2.57332197329174,-4.51106423395446,4.42547324455674,-1.01934052804477,0.308041329682519,0.617978269971431,"FTO"
"XM_054313887.1",0,NA,NA,NA,NA,NA,"FTO"
"XM_054313888.1",0,NA,NA,NA,NA,NA,"FTO"
"XM_054313889.1",0,NA,NA,NA,NA,NA,"FTO"
"XM_054313890.1",1.67207909174018,-3.89206916567019,4.43512100727176,-0.877556476878264,0.380184457213439,0.6389654743083,"FTO"
"XM_054313891.1",0,NA,NA,NA,NA,NA,"FTO"
"XM_054313892.1",0,NA,NA,NA,NA,NA,"FTO"
"XM_054313893.1",0,NA,NA,NA,NA,NA,"FTO"
"XM_054320520.1",0,NA,NA,NA,NA,NA,"GIPR"
"XM_054320521.1",0,NA,NA,NA,NA,NA,"GIPR"
"XM_054320522.1",4.4509249381596,-5.29964254436357,4.41783911851454,-1.19960061971327,0.230294485778152,0.617978269971431,"GIPR"
"XM_054320523.1",3.33830567068908,-4.88508431088705,4.42130638235513,-1.10489612988206,0.269204599583382,0.617978269971431,"GIPR"
"XM_054320524.1",0,NA,NA,NA,NA,NA,"GIPR"
"XM_054320525.1",0,NA,NA,NA,NA,NA,"GIPR"
"XM_054320526.1",0.1854718698174,-0.903539097921581,4.56209215174643,-0.198053670962278,0.843003071968774,0.952871487337675,"GIPR"
"XM_054320527.1",0,NA,NA,NA,NA,NA,"GIPR"
"XM_054320528.1",3.15182344476885,5.45043444565341,4.34368914635291,1.2547938542586,0.209553604186886,0.617978269971431,"GIPR"
"XM_054320529.1",0,NA,NA,NA,NA,NA,"GIPR"
"XM_054320530.1",0,NA,NA,NA,NA,NA,"GIPR"
"XM_054340227.1",0,NA,NA,NA,NA,NA,"ADCY3"
"XM_054340228.1",0,NA,NA,NA,NA,NA,"ADCY3"
"XM_054340229.1",0,NA,NA,NA,NA,NA,"ADCY3"
"XM_054340230.1",0,NA,NA,NA,NA,NA,"ADCY3"
"XM_054340231.1",0,NA,NA,NA,NA,NA,"ADCY3"
"XM_054340232.1",0,NA,NA,NA,NA,NA,"ADCY3"
"XM_054340233.1",0,NA,NA,NA,NA,NA,"ADCY3"
"XM_054340234.1",0,NA,NA,NA,NA,NA,"ADCY3"
"XM_054340235.1",0,NA,NA,NA,NA,NA,"ADCY3"
"XM_054340236.1",0,NA,NA,NA,NA,NA,"ADCY3"
"XM_054340237.1",0,NA,NA,NA,NA,NA,"ADCY3"
"XM_054340238.1",0,NA,NA,NA,NA,NA,"ADCY3"
"XM_054340239.1",0,NA,NA,NA,NA,NA,"ADCY3"
"XM_054340240.1",0,NA,NA,NA,NA,NA,"ADCY3"
"XM_054340241.1",0,NA,NA,NA,NA,NA,"ADCY3"
"XM_054340242.1",0,NA,NA,NA,NA,NA,"ADCY3"
"XM_054340243.1",0,NA,NA,NA,NA,NA,"ADCY3"
"XM_054340244.1",0,NA,NA,NA,NA,NA,"ADCY3"
"XM_054340245.1",0,NA,NA,NA,NA,NA,"ADCY3"
"XM_054340246.1",0,NA,NA,NA,NA,NA,"ADCY3"
"XM_054340247.1",0,NA,NA,NA,NA,NA,"ADCY3"
"XM_054340248.1",0,NA,NA,NA,NA,NA,"ADCY3"
"XM_054340249.1",0,NA,NA,NA,NA,NA,"ADCY3"
"XM_054344363.1",0,NA,NA,NA,NA,NA,"NRP2"
"XM_054344364.1",0,NA,NA,NA,NA,NA,"NRP2"
"XM_054344365.1",0,NA,NA,NA,NA,NA,"NRP2"
"XM_054344366.1",0,NA,NA,NA,NA,NA,"NRP2"
"XM_054344367.1",0,NA,NA,NA,NA,NA,"NRP2"
"XM_054344368.1",0,NA,NA,NA,NA,NA,"NRP2"
"XM_054344369.1",0,NA,NA,NA,NA,NA,"NRP2"
"XM_054344370.1",0,NA,NA,NA,NA,NA,"NRP2"
"XM_054345952.1",0,NA,NA,NA,NA,NA,"CADM2"
"XM_054345953.1",0,NA,NA,NA,NA,NA,"CADM2"
"XM_054345954.1",0,NA,NA,NA,NA,NA,"CADM2"
"XM_054347444.1",0,NA,NA,NA,NA,NA,"ROBO1"
"XM_054347448.1",0,NA,NA,NA,NA,NA,"ROBO1"
"XM_054347450.1",0,NA,NA,NA,NA,NA,"ROBO1"
"XM_054347451.1",2.97039006232135,-4.71855373502379,4.42303497974487,-1.06681356955851,0.286056029785126,0.617978269971431,"ROBO1"
"XM_054347456.1",0,NA,NA,NA,NA,NA,"ROBO1"
"XM_054350984.1",0,NA,NA,NA,NA,NA,"KIAA1109"
"XM_054350985.1",0,NA,NA,NA,NA,NA,"KIAA1109"
"XM_054350986.1",2.08095940759335,-4.2021186692427,4.42976349557166,-0.948610162471082,0.342818920432245,0.622517102656525,"KIAA1109"
"XM_054350987.1",0,NA,NA,NA,NA,NA,"KIAA1109"
"XM_054350988.1",0,NA,NA,NA,NA,NA,"KIAA1109"
"XM_054350989.1",0,NA,NA,NA,NA,NA,"KIAA1109"
"XM_054350990.1",0,NA,NA,NA,NA,NA,"KIAA1109"
"XM_054350991.1",0,NA,NA,NA,NA,NA,"KIAA1109"
"XM_054350992.1",0,NA,NA,NA,NA,NA,"KIAA1109"
"XM_054350993.1",0,NA,NA,NA,NA,NA,"KIAA1109"
"XM_054350994.1",0,NA,NA,NA,NA,NA,"KIAA1109"
"XM_054350995.1",0,NA,NA,NA,NA,NA,"KIAA1109"
"XM_054350996.1",0,NA,NA,NA,NA,NA,"KIAA1109"
"XM_054350997.1",0,NA,NA,NA,NA,NA,"KIAA1109"
"XM_054350998.1",1.28430832777165,4.1451584419923,4.36620654370381,0.949372962662459,0.342430956538999,0.622517102656525,"KIAA1109"
"XM_054350999.1",0,NA,NA,NA,NA,NA,"KIAA1109"
"XM_054351000.1",0,NA,NA,NA,NA,NA,"KIAA1109"
"XM_054351001.1",0.195483193806059,1.47788658970934,4.55846278497404,0.32420722937146,0.745781149188407,0.920717468133836,"KIAA1109"
"XM_054351002.1",0,NA,NA,NA,NA,NA,"KIAA1109"
"XM_054351003.1",0,NA,NA,NA,NA,NA,"KIAA1109"
"XM_054351004.1",0,NA,NA,NA,NA,NA,"KIAA1109"
"XM_054351005.1",0,NA,NA,NA,NA,NA,"KIAA1109"
"XM_054351006.1",0,NA,NA,NA,NA,NA,"KIAA1109"
"XM_054351007.1",0,NA,NA,NA,NA,NA,"KIAA1109"
"XM_054351008.1",0,NA,NA,NA,NA,NA,"KIAA1109"
"XM_054351009.1",0,NA,NA,NA,NA,NA,"KIAA1109"
"XM_054351010.1",0,NA,NA,NA,NA,NA,"KIAA1109"
"XM_054351011.1",0,NA,NA,NA,NA,NA,"KIAA1109"
"XM_054351012.1",0,NA,NA,NA,NA,NA,"KIAA1109"
"XM_054351013.1",0,NA,NA,NA,NA,NA,"KIAA1109"
"XM_054351014.1",0,NA,NA,NA,NA,NA,"KIAA1109"
"XM_054351015.1",1.97860280434626,-4.13139038989412,4.43088292945849,-0.932407932158801,0.351125747017522,0.622517102656525,"KIAA1109"
"XM_054351017.1",0,NA,NA,NA,NA,NA,"KIAA1109"
"XM_054351018.1",2.34596966196169,5.01754866383864,4.34890911588907,1.15374879771726,0.248603171513739,0.617978269971431,"KIAA1109"
"XM_054351019.1",0.197847116668314,-0.907458872097297,4.56209215174643,-0.198912876354308,0.842330896908996,0.952871487337675,"KIAA1109"
"XM_054351024.1",0,NA,NA,NA,NA,NA,"KIAA1109"
"XM_054351764.1",0,NA,NA,NA,NA,NA,"CREBRF"
"XM_054351765.1",0,NA,NA,NA,NA,NA,"CREBRF"
"XM_054351766.1",0,NA,NA,NA,NA,NA,"CREBRF"
"XM_054354133.1",7.71803054479301,-6.08235797870184,4.41340937437519,-1.37815404435781,0.168155732468666,0.617978269971431,"MRAP2"
"XM_054354204.1",0,NA,NA,NA,NA,NA,"CNR1"
"XM_054354205.1",0,NA,NA,NA,NA,NA,"CNR1"
"XM_054354206.1",0,NA,NA,NA,NA,NA,"CNR1"
"XM_054354858.1",0,NA,NA,NA,NA,NA,"UBR2"
"XM_054354859.1",0,NA,NA,NA,NA,NA,"UBR2"
"XM_054354860.1",2.59859960901786,-4.52554279255446,4.42526042867627,-1.02266134739288,0.30646799282083,0.617978269971431,"UBR2"
"XM_054354861.1",3.89615393086398,-5.10845607387358,4.41932463392872,-1.15593591714312,0.24770736996295,0.617978269971431,"UBR2"
"XM_054354862.1",0,NA,NA,NA,NA,NA,"UBR2"
"XM_054354863.1",0,NA,NA,NA,NA,NA,"UBR2"
"XM_054354864.1",0,NA,NA,NA,NA,NA,"UBR2"
"XM_054354865.1",0,NA,NA,NA,NA,NA,"UBR2"
"XM_054354866.1",0,NA,NA,NA,NA,NA,"UBR2"
"XM_054355760.1",4.98857425048153,1.5861894077495,4.08107008067622,0.388669975372409,0.697520295606665,0.917627821396771,"PHIP"
"XM_054355761.1",4.47583811932404,-5.30852809807854,4.11025437653479,-1.29153274025681,0.196519009772445,0.617978269971431,"PHIP"
"XM_054355762.1",0,NA,NA,NA,NA,NA,"PHIP"
"XM_054358206.1",0,NA,NA,NA,NA,NA,"LEP"
"XM_054363018.1",0,NA,NA,NA,NA,NA,"NTRK2"
"XM_054363019.1",0,NA,NA,NA,NA,NA,"NTRK2"
"XM_054363020.1",0,NA,NA,NA,NA,NA,"NTRK2"
"XM_054363021.1",0,NA,NA,NA,NA,NA,"NTRK2"
"XM_054363022.1",0,NA,NA,NA,NA,NA,"NTRK2"
"XM_054363023.1",0,NA,NA,NA,NA,NA,"NTRK2"
"XM_054363024.1",0.856490819518631,3.56004394766521,4.38522749153395,0.811826514026505,0.416891185853615,0.661732041037484,"NTRK2"
"XM_054363025.1",0,NA,NA,NA,NA,NA,"NTRK2"
"XM_054363026.1",0,NA,NA,NA,NA,NA,"NTRK2"
"XM_054363027.1",0,NA,NA,NA,NA,NA,"NTRK2"
"XM_054363028.1",0,NA,NA,NA,NA,NA,"NTRK2"
"XM_054367070.1",0,NA,NA,NA,NA,NA,"NRP1"
"XM_054367071.1",0,NA,NA,NA,NA,NA,"NRP1"
"XM_054367072.1",0,NA,NA,NA,NA,NA,"NRP1"
"XM_054367073.1",0,NA,NA,NA,NA,NA,"NRP1"
"XM_054367074.1",0,NA,NA,NA,NA,NA,"NRP1"
"XM_054367075.1",0,NA,NA,NA,NA,NA,"NRP1"
"XM_054367076.1",0,NA,NA,NA,NA,NA,"NRP1"
"XM_054367077.1",0,NA,NA,NA,NA,NA,"NRP1"
"XM_054367078.1",3.43527596079306,-1.13367426704865,3.12541035667043,-0.362728134124565,0.716807981048592,0.920717468133836,"NRP1"
"XM_054367079.1",0,NA,NA,NA,NA,NA,"NRP1"
"XM_054367080.1",0,NA,NA,NA,NA,NA,"NRP1"
"XM_054367081.1",0,NA,NA,NA,NA,NA,"NRP1"
"XM_054367082.1",0,NA,NA,NA,NA,NA,"NRP1"
"XM_054367083.1",0,NA,NA,NA,NA,NA,"NRP1"
"XM_054367084.1",0,NA,NA,NA,NA,NA,"NRP1"
"XM_054367085.1",0,NA,NA,NA,NA,NA,"NRP1"
"XM_054367086.1",0,NA,NA,NA,NA,NA,"NRP1"
"XM_054367087.1",0,NA,NA,NA,NA,NA,"NRP1"
"XM_054367088.1",0,NA,NA,NA,NA,NA,"NRP1"
"XM_054367089.1",0,NA,NA,NA,NA,NA,"NRP1"
"XM_054367090.1",0,NA,NA,NA,NA,NA,"NRP1"
"XM_054367091.1",0,NA,NA,NA,NA,NA,"NRP1"
"XM_054367092.1",0,NA,NA,NA,NA,NA,"NRP1"
"XM_054367093.1",0,NA,NA,NA,NA,NA,"NRP1"
"XM_054368264.1",0,NA,NA,NA,NA,NA,"CADM1"
"XM_054368265.1",0,NA,NA,NA,NA,NA,"CADM1"
"XM_054368266.1",0,NA,NA,NA,NA,NA,"CADM1"
"XM_054368267.1",0,NA,NA,NA,NA,NA,"CADM1"
"XM_054368268.1",0,NA,NA,NA,NA,NA,"CADM1"
"XM_054368269.1",0.83241411853866,-2.87653709658129,4.46318151365013,-0.644503721792118,0.51924884498444,0.774998276096179,"CADM1"
"XM_054368270.1",0,NA,NA,NA,NA,NA,"CADM1"
"XM_054369107.1",0,NA,NA,NA,NA,NA,"PDE3B"
"XM_054369108.1",0,NA,NA,NA,NA,NA,"PDE3B"
"XM_054371104.1",0,NA,NA,NA,NA,NA,"ANO4"
"XM_054371105.1",0,NA,NA,NA,NA,NA,"ANO4"
"XM_054371106.1",0,NA,NA,NA,NA,NA,"ANO4"
"XM_054371107.1",0,NA,NA,NA,NA,NA,"ANO4"
"XM_054371108.1",0,NA,NA,NA,NA,NA,"ANO4"
"XM_054371109.1",0,NA,NA,NA,NA,NA,"ANO4"
"XM_054371110.1",0,NA,NA,NA,NA,NA,"ANO4"
"XM_054371111.1",0,NA,NA,NA,NA,NA,"ANO4"
"XM_054371112.1",0,NA,NA,NA,NA,NA,"ANO4"
"XM_054371113.1",0,NA,NA,NA,NA,NA,"ANO4"
"XM_054371114.1",0,NA,NA,NA,NA,NA,"ANO4"
"XM_054371117.1",0,NA,NA,NA,NA,NA,"ANO4"
"XM_054371839.1",4.37000054728745,-5.27366995355328,4.41806075384106,-1.19366170982786,0.232610324232859,0.617978269971431,"KSR2"
"XM_054371840.1",0,NA,NA,NA,NA,NA,"KSR2"
"XM_054371841.1",0,NA,NA,NA,NA,NA,"KSR2"
"XM_054371842.1",0,NA,NA,NA,NA,NA,"KSR2"
"XM_054371843.1",0,NA,NA,NA,NA,NA,"KSR2"
"XM_054371844.1",0,NA,NA,NA,NA,NA,"KSR2"
"XM_054371845.1",0,NA,NA,NA,NA,NA,"KSR2"
"XM_054377116.1",0,NA,NA,NA,NA,NA,"KIAA0586"
"XM_054377117.1",0,NA,NA,NA,NA,NA,"KIAA0586"
"XM_054377118.1",0,NA,NA,NA,NA,NA,"KIAA0586"
"XM_054377119.1",0,NA,NA,NA,NA,NA,"KIAA0586"
"XM_054377120.1",0,NA,NA,NA,NA,NA,"KIAA0586"
"XM_054377121.1",0,NA,NA,NA,NA,NA,"KIAA0586"
"XM_054377122.1",0,NA,NA,NA,NA,NA,"KIAA0586"
"XM_054377123.1",0,NA,NA,NA,NA,NA,"KIAA0586"
"XM_054377124.1",0,NA,NA,NA,NA,NA,"KIAA0586"
"XM_054377125.1",0,NA,NA,NA,NA,NA,"KIAA0586"
"XM_054377126.1",0,NA,NA,NA,NA,NA,"KIAA0586"
"XM_054377127.1",0,NA,NA,NA,NA,NA,"KIAA0586"
"XM_054377128.1",0,NA,NA,NA,NA,NA,"KIAA0586"
"XM_054377129.1",0,NA,NA,NA,NA,NA,"KIAA0586"
"XM_054377130.1",0,NA,NA,NA,NA,NA,"KIAA0586"
"XM_054377131.1",0,NA,NA,NA,NA,NA,"KIAA0586"
"XM_054377132.1",0,NA,NA,NA,NA,NA,"KIAA0586"
"XM_054377133.1",0,NA,NA,NA,NA,NA,"KIAA0586"
"XM_054377134.1",0,NA,NA,NA,NA,NA,"KIAA0586"
"XM_054377135.1",0,NA,NA,NA,NA,NA,"KIAA0586"
"XM_054377136.1",0,NA,NA,NA,NA,NA,"KIAA0586"
"XR_007064911.1",0,NA,NA,NA,NA,NA,"FTO"
"XR_007068865.1",1.77866263493884,-3.97637037633325,4.4334975813814,-0.896892420339221,0.369776325043977,0.633676704828931,"ADCY3"
"XR_007083522.1",0,NA,NA,NA,NA,NA,"NRP2"
"XR_008486253.1",0,NA,NA,NA,NA,NA,"ADCY3"
"XR_008486580.1",0,NA,NA,NA,NA,NA,"NRP2"
"XR_008486581.1",0,NA,NA,NA,NA,NA,"NRP2"
"XR_923057.4",4.80193020069106,-5.40801733754654,4.10053816476179,-1.31885550633833,0.187217423459127,0.617978269971431,"NRP2"
"XR_938783.2",0,NA,NA,NA,NA,NA,"KIAA1109"
